["ABBAYE DE LA PIERRE-QUI-VIRE",
"ABBAYE DE MAZAN",
"ABONDANCE",
"ANGORS",
"ANNEAU DE SAINT CLÉMENT",
"ANNEAU DU VIC-BILH",
"APPENZELLER",
"ARIÉGEOIS",
"BANON",
"BAUDAÏE BIO",
"BEAUFORT AOP",
"BÉRET SAVOYARD",
"BERGUES TORCHON",
"BESACE FERMIÈRE",
"BETHMALE",
"BETHMALE CHÈVRE",
"BICHONNET",
"BLEU D’ALBERTVILLE",
"BLEU D’AUVERGNE AOP",
"BLEU DE BONNEVAL",
"BLEU DE BREBIS",
"BLEU DE CHÈVRE",
"BLEU DE GEX",
"BLEU DE LA CHATAIGNERAIE",
"BLEU DE LAQUEUILLE",
"BLEU DE PLANÈZE",
"BLEU DE SAVOIE",
"BLEU DES BAUGES",
"BLEU DES CAUSSES AOP",
"BLEU DU VAL D’AILLON PERSILLÉE",
"BLEU DU VERCORS-SASSENAGE",
"BLEU FERMIER DE HAUTE SAVOIE",
"BONDE DE NEUFCHÂTEL",
"BONHOMME DE NEIGE",
"BOUDANE",
"BOULE DES NEIGES",
"BOULET DE CASSEL",
"BOULETTE D’AVESNES",
"BOUQUETOU DU VERNET",
"BOURGUIGNON",
"BOURNETTE DU VERCORS",
"BOURRICHON",
"BOUTON DE CULOTTE",
"BOUYGUETTE DE CHÈVRE",
"BREBIS D’OR",
"BREBIS FRAIS",
"BRESLOIS",
"BRÉZAIN (RACLETTE FUMÉE)",
"BRIE DE BREBIS",
"BRIE DE CHÈVRE",
"BRIE DE MEAUX AOP",
"BRIE DE MELUN AOP",
"BRIE DE MONTEREAU",
"BRIE DE NANGIS",
"BRILLAT-SAVARIN AOP",
"BRILLAT-SAVARIN TRUFFONÉ",
"BRIN D’AMOUR",
"BRIQUE DE BREBIS",
"BRIQUE DE CAZELLE À L’AIL DES OURS",
"BRIQUE DE JUSSAC",
"BRIQUE DES FLANDRES",
"BRIQUETTE",
"BRIQUETTE AUX ÉPICES",
"BRIQUETTE DE BREBIS",
"BRIQUETTE DE COCUMONT",
"BRIQUETTE DU CANTAL",
"BRIQUETTE DU NORD",
"BRIQUETTE DOMINO",
"BROKKELKAAS",
"BROUSSE DE BREBIS",
"BÛCHE DE CHÈVRE FRAIS AU MIEL",
"BUCHE ESCANECRABE",
"BUCHETTE BLANCHE OU CENDRÉE",
"BUCHETTE DE CHÈVRE CENDRÉE",
"BURONNIER DE L’AUBRAC",
"BURONOIX",
"CABÉCOU",
"CABRÉRA",
"CABRI AU SEL DE GUÉRANDE ET AUX AROMATES",
"CABRI SEL FOU",
"CABRIMONT",
"CABRISSOUX",
"CALISSON CENDRÉ",
"CAMBOZOLA",
"CAMEMBERT DE NORMANDIE AOP",
"CANCOILLOTTE À L’AIL",
"CANCOILLOTTE NATURE",
"CANTAL AOP",
"CANTAL (ENTRE-DEUX)",
"CARRÉ BLANC",
"CARRÉ D’AURILLAC",
"CARRÉ DU VINAGE",
"CARRÉ LE SAULNOIS",
"CARRÉ MIRABELLE",
"CASTILLONNAIS – MIXTE",
"CENDRÉE DE L’ÉCAILLON",
"CHABIS BLANC OU CENDRÉ",
"CHABICHOU DU POITOU",
"CHABIS DU BÉARN",
"CHABROL",
"CHAOURCE FERMIER AOP",
"CHAROLAIS AOP",
"CHARTREUX",
"CHÂTEAU NOIR ROULÉ DANS LA CENDRE",
"CHEDDAR",
"CHEDDAR EXTRA-MATURE",
"CHEDDAR LITTLE BLACK BOMBER",
"CHENU BLANC",
"CHÈVRE CENDRÉ DE COCUMONT",
"CHEVRILLON",
"CHEVROTIN DES ARAVIS",
"COEUR AU LIN",
"COEUR CENDRÉ",
"COEUR D’ALVIGNAC",
"CŒUR DE CHÈVRE",
"CŒUR DE SAVOIE",
"COEUR GOURMAND À LA TOMATE",
"CŒUR GOURMAND FIGUE",
"COLOMBIER DES AILLONS",
"COMPOSTELLE",
"COMTÉ AOP",
"COMTESSE DE VICHY",
"COSNE DU MORVAN",
"CÔTE D’OR",
"COULOMMIERS",
"COURONNE DES 3 SEIGNEURS",
"COURONNE DES 4 MONTAGNES",
"COURONNE LOCHOISE",
"CRÉMEUX D’OSSAU",
"CRÉMEUX DE BOURGOGNE",
"CRÉMEUX DE TARENTAISE",
"CRÉMEUX DU JURA",
"CROTT’INDRE",
"CROTTIN AU POIVRE",
"CROTTIN BLANC",
"CROTTIN CENDRÉ",
"CROTTIN DE CHAVIGNOL",
"CROTTIN DE COCUMONT",
"CROTTIN DU VIORNAY",
"CROTTIN VILLAGEOIS FERMIER",
"CURÉ NANTAIS",
"DÉLICE À LA FLEUR DE SEL",
"DÉLICE DE BOURGOGNE",
"DOUX CHÊNE",
"ECIR EN AUBRAC",
"ECUME DE WIMEREUX",
"ELGINES",
"EPOISSES",
"EMMENTAL",
"ETIVAZ",
"FÉDOU",
"FETA",
"FEUILLE DU LIMOUSIN",
"FIORE DI MUNTAGNA",
"FLEUR D’AUNIS",
"FLEUR DE NUITS SAINT GEORGES",
"FLEUR DES ALPES",
"FLEUR DU MAQUIS CORSE",
"FLOCON DE SAVOIE",
"FONTINA D’ALPAGE",
"FOUGERUS",
"FOURME D’AMBERT",
"FOURME D’YSSINGEAUX",
"FOURME DE MONTBRISON",
"FOURME FERMIÈRE VALCIVIÈRES",
"FOURNOLS",
"FRIBOURG",
"FUMÉ DE LA TUYÉ",
"FUSETTE BLANCHE",
"GAILLETTE CENDRÉE",
"GALERNOIS",
"GALET AU FENUGREC",
"GALET BOISÉ",
"GALET DE LA LOIRE",
"GALLETOUT",
"GALOPIN",
"GAPERON",
"GAPERON AU CHÈVRE",
"GORGONZOLA CREMOSO AOP",
"GOUDA 48 MOIS",
"GOUDA AROMATISÉ",
"GOUDA AU CUMIN",
"GOUDA CHÈVRE",
"GOUDA TRUFFÉ",
"GOUDOULET ET CROÛTE LAVÉE",
"GRAISSE DE NOËL",
"GRAND CAMEMBERT",
"GRAND CARRÉ",
"GRAND GASLONDE",
"GRAND MUROLS",
"GRUYÈRE FRANÇAIS",
"GRUYÈRE SUISSE D’ALPAGE AOC",
"GUÉRANDAIS FERMIER",
"HERVE DOUX",
"JOLIROND",
"KALAKA",
"KALTBACH",
"KLAVER CHÈVRE FENUGREC",
"L’ANGORS",
"LAGUIOLE",
"LAMBET",
"LANGRES",
"LE PIC",
"LINGOT DU BERGER",
"LIVAROT",
"LO RODAL DE VACHE",
"LONG DE LA BICHE",
"LORENTHYM",
"LUZENAC",
"MAASDAM",
"MACONNAIS AOP",
"MAGOTH",
"MALVAUX",
"MANCHEGO",
"MARGERIAZ",
"MAROILLES",
"MASCARÉ",
"MASCARPONE",
"MASSADEL FERMIER",
"MEULE D’ÉTÉ DE SAVOIE",
"MEULE DES ALPES",
"MIGNONNE DE VENDÉE",
"MIMOLETTE",
"MINI PERCHE",
"MIZOTTE",
"MOELLEUX DU REVARD",
"MOELLEUX DU BARETOUS",
"MONT D’OR",
"MONT DES PRINCES",
"MONT DES CATS",
"MONT-JURA",
"MONT’NOIX",
"MONTAGNE NOIRE",
"MONTS DE LACAUNE TRADITION",
"MOULIS DE VACHE",
"MORBIER ARTISANAL",
"MOTHAIS SUR FEUILLE",
"MOZZARELLA DI BUFALA CAMPANA",
"MUNSTER AU CUMIN",
"MUNSTER-GÉROMÉ",
"NEUFCHÂTEL",
"OLIVET CENDRÉ",
"OLIVET AU FOIN",
"OREILLER DE CIBOULETTE",
"OSSAU-IRATY",
"OVALIE DE BREBIS",
"OVALIE ROMARIN",
"P’TIT MEJ MIXTE",
"PALET CENDRÉ",
"PALET FRAIS",
"PARDOU",
"PARDOUX",
"PARMIGIANO REGGIANO",
"PARTHENAY CENDRÉ",
"PAVÉ CENDRÉ",
"PAVÉ CORRÉZIEN MITÉ",
"PAVÉ DE L’AVESNOIS",
"PAVÉ DES CÉVENNES",
"PAVÉ DU LARZAC",
"PAVÉ DU POITOU",
"PAVÉ FERMIER",
"PAVIN",
"PECORINO À LA TRUFFE",
"PECORINO STAGIONATO",
"PÉLARDON",
"PÉRAIL DE BREBIS",
"PÉRAIL DES CABASSES",
"PÉRALDOU",
"PERSILLÉ DE CHÈVRE",
"PERSILLÉ DE TIGNES",
"PETIT CHISTERA",
"PETIT DONGÉ",
"PETIT GAUGRY",
"PETIT LOUVIE",
"PETIT PERCHE CENDRÉ",
"PETIT SAINT POINT",
"PETITE BONDE",
"PICODON",
"PIERRE BLANCHE",
"PITCHOU",
"PLAISIR AU CHABLIS",
"POMEROL",
"PONT L’ÉVÊQUE",
"POULIGNY-SAINT-PIERRE",
"PUR VACHE FERMIER À L’ESPELETTE",
"PYRAMIDE DES PRÈS",
"PYRAMIDE FERMIÈRE",
"RACLETTE",
"RACLETTE DE SAVOIE ARTISANALE IGP",
"RACLETTE AU FOIN",
"RACLETTE AU POIVRE",
"RACLETTE AUX CÈPES",
"REBLOCHON",
"RED LEICESTER",
"RIGOTTE DE VACHE",
"ROCAMADOUR",
"ROGERET DE BREBIS",
"ROLLOT",
"ROQUEFORT",
"ROUE CENDRÉE",
"ROVE FERMIER",
"ROVETHYM",
"SABLÉ DE WISSANT",
"SAINT-DENIS",
"SAINT-FÉLICIEN",
"SAINT-FUSCIEN",
"SAINT-JACQUES",
"SAINT-MARCELLIN",
"SAINT MONT CRÉMIER DU JURA",
"SAINT-NECTAIRE",
"SAINT-PAULIN",
"SAINTE-MAURE DE TOURAINE",
"SALERS",
"SALVA CREMASCO",
"SATONNAY PÉTALES ROSES",
"SAULZAIS",
"SAUVAGET",
"SBRINZ ALPAGE",
"SÉCHON DE VACHE",
"SELLES-SUR-CHER",
"SHROPSHIRE BLUE",
"SILLON BLEU DE VACHE",
"SIRE DE CRÉQUY À LA BIÈRE",
"SKIEUR",
"SOUMAINTRAIN",
"SOURÉLIETTE",
"STILTON BLEU",
"TALEGGIO",
"TAUPINIÈRE",
"TÊTE DE MOINE",
"TOME DE RILHAC XAINTRIE",
"TOME DES BAUGES AOP",
"TOME DU CRUZILLE",
"TOME DU SÉGALA",
"TOME LE SAULNOIS AUX CONES DE HOUBLON",
"TOMETTE DE BREBIS ETCHEGOINIA",
"TOMME AIL DES OURS",
"TOMME AU CHNIU",
"TOMME AU FOIN",
"TOMME AU MARC",
"TOMME AUX FLEURS",
"TOMME BROSSÉE À LA BIÈRE",
"TOMME CATALANE",
"TOMME CÉRONNÉE",
"TOMME CRAYEUSE FERMIÈRE",
"TOMME D’ANJOU",
"TOMME D’AUVERGNE MITÉE",
"TOMME DE BERRY",
"TOMME DE BREBIS AFFINÉE TUNNEL",
"TOMME DE BREBIS À LA LIQUEUR DE NOIX",
"TOMME DE BREBIS AU PIMENT",
"TOMME DE BREBIS AU POIVRE",
"TOMME DE BREBIS CORSE",
"TOMME DE BREBIS DE L’ARDÈCHE",
"TOMME DE BREBIS DES PYRÉNÉES",
"TOMME DE BREBIS DU BÉARN",
"TOMME DE CHÈVRE AFFINÉE AU MUSCADET",
"TOMME DE CHÈVRE DES PYRÉNÉES",
"TOMME DE CHÈVRE DE SAVOIE",
"TOMME DE CHÈVRE GRISE",
"TOMME DE L’YSSINGELAISE",
"TOMME DE MONTAGNE",
"TOMME DE MONTAGNE (GROSSE)",
"TOMME DE MONTAGNE DENT DU CHAT",
"TOMME DE MONTAGNE DU JURA SUISSE",
"TOMME DE RHUYS",
"TOMME DE SAVOIE",
"TOMME DE TARENTAISE FERMIÈRE",
"TOMME DE TAUVES",
"TOMME DE VACHE AU MUSCADET",
"TOMME DE VACHE DU BÉARN",
"TOMME DE YENNE",
"TOMME DES ALLOBROGES",
"TOMME DES CHOUANS",
"TOMME DU BERRY DEMI-VIEILLE",
"TOMME DU JURA",
"TOMME DU JURA RIÈME",
"TOMME DU LIMOUSIN",
"TOMME DU MONT JURA",
"TOMME FERMIÈRE",
"TOMME FERMIÈRE ANCESTRALE",
"TOMME FERMIÈRE AUX FLEURS",
"TOMME FERMIÈRE AUX ORTIES",
"TOMME FERMIÈRE D’ALPAGE CÉRONNÉE",
"TOMME FERMIÈRE DE MONTAGNE",
"TOMME FERMIÈRE DU PIGEON BLANC",
"TOMME FERMIÈRE SAVOYARDE",
"TOMME FUMÉE",
"TOMME IBÉRICO 3 LAITS",
"TOMME KAÏKOU",
"TOMME LA CHAPELLE",
"TOMME MIXTE CHÈVRE-BREBIS",
"TOMME MIXTE VACHE-BREBIS DU BÉARN",
"TOMME PIÉMONTAISE",
"TOMME TRADITION AU POIVRE",
"TOMMETTE BLEUE DE BREBIS",
"TOMMETTE DE CHÈVRE DE SAVOIE",
"TOMMETTE DE MISSILIER",
"TOMMETTE DE MONTAGNE",
"TOMYÈRE",
"TONNEAU DE CHAROLLES",
"TORTA DEL CASAR",
"TOURRET",
"TRAPPE DE BRICQUEBEC",
"TRICORNE",
"TROU DU CRU",
"VACHERIN DE LA TARENTAISE",
"VACHERIN DES BAUGES",
"VACHERIN FRIBOURGEOIS",
"VACHERIN MONT D’OR AOP",
"VACHERIN VAUDOIS",
"VALENÇAY",
"VENISE VERTE",
"VERCORAIS",
"VERCORETTE",
"VIEUX LILLE",
"VILLAGEOIS BLANC",
"VULLY ROUGE SUISSE",
"WESTFRIESEDIJK",
"WURTEMBERG"]